soilloss,endinfil,duration,cumq,rough,bulk,corg,cSa,mSa,fSa,cSi,mSi,fSi,slope,plotwidth,plotlength,BBCH,crop,treat,cover,moist,runtype,project,No,plot,bulk.run,CLAY,SILT,SAND,KA5class,KA5main,D,SigP,crop_original,lat,lon
NA,0.45,3600,0.2383,0.044,1380,1.3,1,1,4,51,19,6,17.4,2,22,0,fallow,Inv,0,28,1,BEMP,1,6,1410,18,76,6,Ut4,U,0.0180311396253281,4.99463048856686,fallow,,
3.285,0.46,3600,0.2052,0.013,1480,1,4,17,17,27,20,4,6,2,22,13,"cereals (winter wheat, summer wheat, winter barley, summer barley, winter rye, oat)",Inv,5,31,2,BEMP,10,10,1480,11,51,38,Uls,U,0.0734026055677395,9.82485382719618,winter barley,,
2.898,0.36,2460,0.4815,0.0082,1320,1.8,21,16,12,13,17,10,8.2,2,22,0,"cereals (winter wheat, summer wheat, winter barley, summer barley, winter rye, oat)",Inv,0,31.5,2,BEMP,100,58,1330,11,40,49,"Sl3, Slu",S,0.1099623552345,10.8941148722728,winter wheat,12.62463,50.73815
0.003,0.62,3660,0.0026,0.0365,1350,1.8,21,16,12,13,17,10,7.4,2,22,0,"cereals (winter wheat, summer wheat, winter barley, summer barley, winter rye, oat)",NoInv,10,27,1,BEMP,101,59,1380,11,40,49,"Sl3, Slu",S,0.1099623552345,10.8941148722728,winter barley,12.62463,50.73815
0.235,0.56,4260,0.1085,0.0365,1350,1.8,21,16,12,13,17,10,7.4,2,22,0,"cereals (winter wheat, summer wheat, winter barley, summer barley, winter rye, oat)",NoInv,10,26.5,2,BEMP,102,59,1320,11,40,49,"Sl3, Slu",S,0.1099623552345,10.8941148722728,winter barley,12.62463,50.73815
NA,0.61,3600,0,0.1402,1370,1.8,21,16,12,13,17,10,9.8,2,22,0,"cereals (winter wheat, summer wheat, winter barley, summer barley, winter rye, oat)",NoInv,80,24.3,1,BEMP,103,60,1340,11,40,49,"Sl3, Slu",S,0.1099623552345,10.8941148722728,winter wheat,12.62463,50.73815
0.043,0.65,3060,0.1057,0.1402,1370,1.8,21,16,12,13,17,10,9.8,2,22,0,"cereals (winter wheat, summer wheat, winter barley, summer barley, winter rye, oat)",NoInv,80,27.6,2,BEMP,104,60,1400,11,40,49,"Sl3, Slu",S,0.1099623552345,10.8941148722728,winter wheat,12.62463,50.73815
1.241,0.44,3600,0.053,0.0157,1280,1.2,7,26,18,22,15,7,10.2,2,22,0,"cereals (winter wheat, summer wheat, winter barley, summer barley, winter rye, oat)",Inv,0,24.7,1,BEMP,105,61,1240,5,44,51,Su4,S,0.143898890181014,8.31979827896607,winter wheat,13.98267,51.18038
14.113,0.27,3060,0.5003,0.0157,1280,1.2,7,26,18,22,15,7,10.2,2,22,0,"cereals (winter wheat, summer wheat, winter barley, summer barley, winter rye, oat)",Inv,0,37.9,2,BEMP,106,61,1330,5,44,51,Su4,S,0.143898890181014,8.31979827896607,winter wheat,13.98267,51.18038
0.005,0.57,3660,0.003,0.0245,1290,1.2,7,26,18,22,15,7,10.8,2,22,0,"cereals (winter wheat, summer wheat, winter barley, summer barley, winter rye, oat)",NoInv,10,23.9,1,BEMP,107,62,1190,5,44,51,Su4,S,0.143898890181014,8.31979827896607,winter wheat,13.98267,51.18038
1.02,0.5,4260,0.1452,0.0245,1290,1.2,7,26,18,22,15,7,10.8,2,22,0,"cereals (winter wheat, summer wheat, winter barley, summer barley, winter rye, oat)",NoInv,10,34.9,2,BEMP,108,62,1390,5,44,51,Su4,S,0.143898890181014,8.31979827896607,winter wheat,13.98267,51.18038
0.007,0.47,3660,0.0026,0.0332,1440,1.2,7,26,18,22,15,7,11.5,2,22,0,"cereals (winter wheat, summer wheat, winter barley, summer barley, winter rye, oat)",NoInv,10,29.6,1,BEMP,109,63,1410,5,44,51,Su4,S,0.143898890181014,8.31979827896607,winter wheat,13.98267,51.18038
2.852,0.69,4200,0.855,0.015,1490,0.8,2,44,30,13,4,2,6.5,2,22,17,"canola, field bean, phacelia",Inv,70,18,1,BEMP,11,11,1490,5,19,76,"Su2, Sl2",S,0.360574553013339,7.16285980780977,canola,,
0.894,0.54,3960,0.1129,0.0332,1440,1.2,7,26,18,22,15,7,11.5,2,22,0,"cereals (winter wheat, summer wheat, winter barley, summer barley, winter rye, oat)",NoInv,10,33.5,2,BEMP,110,63,1470,5,44,51,Su4,S,0.143898890181014,8.31979827896607,winter wheat,13.98267,51.18038
1.4,0.39,3660,0.2231,0.0352,1350,1,1,11,8,35,27,10,7.4,2,22,0,fallow,NoInv,35,34.1,1,BEMP,111,64,1430,8,72,20,"Us, Ut2",U,0.0417758777524568,6.19239015448393,fallow,13.97717,51.17045
5.255,0.01,3300,1.1764,0.0561,1350,1,1,11,8,35,27,10,7.4,2,22,0,fallow,NoInv,35,41.5,2,BEMP,112,64,1270,8,72,20,"Us, Ut2",U,0.0417758777524568,6.19239015448393,fallow,13.97717,51.17045
NA,0.62,3600,0,0.0241,1400,1,1,11,8,35,27,10,7.2,2,22,0,"cereals (winter wheat, summer wheat, winter barley, summer barley, winter rye, oat)",NoInv,0,31.1,1,BEMP,113,65,1360,8,72,20,"Us, Ut2",U,0.0417758777524568,6.19239015448393,winter wheat,13.97717,51.17045
2.663,0.31,5460,0.3651,0.0241,1400,1,1,11,8,35,27,10,7.2,2,22,0,"cereals (winter wheat, summer wheat, winter barley, summer barley, winter rye, oat)",NoInv,0,38.9,2,BEMP,114,65,1440,8,72,20,"Us, Ut2",U,0.0417758777524568,6.19239015448393,winter wheat,13.97717,51.17045
0.031,0.54,3600,0.0068,0.0221,1480,1,1,11,8,35,27,10,7.2,2,22,0,"cereals (winter wheat, summer wheat, winter barley, summer barley, winter rye, oat)",Inv,0,32.2,1,BEMP,115,66,1500,8,72,20,"Us, Ut2",U,0.0417758777524568,6.19239015448393,winter wheat,13.97717,51.17045
16.226,0.11,4560,0.8138,0.0221,1480,1,1,11,8,35,27,10,7.2,2,22,0,"cereals (winter wheat, summer wheat, winter barley, summer barley, winter rye, oat)",Inv,0,35.7,2,BEMP,116,66,1450,8,72,20,"Us, Ut2",U,0.0417758777524568,6.19239015448393,winter wheat,13.97717,51.17045
0.32,0.54,5400,0.2605,0.011,1390,2.1,15,12,10,18,21,12,5.5,2,22,13,"cereals (winter wheat, summer wheat, winter barley, summer barley, winter rye, oat)",Inv,5,35,1,BEMP,12,12,1390,12,51,37,Uls,U,0.0684863841702124,10.0634680949413,winter barley,,
30.758,0.46,4080,0.9164,0.01,1280,1.8,15,12,10,17,25,11,8.8,2,22,0,"cereals (winter wheat, summer wheat, winter barley, summer barley, winter rye, oat)",Inv,0,25,1,BEMP,13,13,1280,10,53,37,Uls,U,0.0730976987223081,9.33200896610622,winter wheat,,
0.548,0.59,6180,0.4162,0.032,1260,1.8,15,12,10,17,25,11,8.8,2,22,17,"canola, field bean, phacelia",Inv,45,25,1,BEMP,14,14,1260,10,53,37,Uls,U,0.0730976987223081,9.33200896610622,canola,,
15.963,0.32,4200,1.0156,0.017,1230,1.7,8,8,6,34,26,10,8.5,2,22,99,maize,NoInv,7,27,1,BEMP,15,15,1190,8,70,22,"Us, Ut2",U,0.0449614795309563,6.5274169592141,maize,,
13.106,0.15,3120,1.0851,0.015,1230,1.7,8,8,6,34,26,10,8.5,2,22,99,maize,NoInv,7,39,2,BEMP,16,15,1270,8,70,22,"Us, Ut2",U,0.0449614795309563,6.5274169592141,maize,,
1.811,0.47,5520,0.1699,0.009,1240,1.6,6,6,6,30,24,13,7.2,2,22,12,"cereals (winter wheat, summer wheat, winter barley, summer barley, winter rye, oat)",Inv,0,27,1,BEMP,17,16,1170,15,67,18,Ut3,U,0.0309002817182449,7.37542749566129,winter rye,,
23.871,0.2,4140,1.0707,0.011,1240,1.6,6,6,6,30,24,13,7.2,2,22,12,"cereals (winter wheat, summer wheat, winter barley, summer barley, winter rye, oat)",Inv,0,36,2,BEMP,18,16,1320,15,67,18,Ut3,U,0.0309002817182449,7.37542749566129,winter rye,,
19.733,0.23,4620,0.9847,0.008,1330,1.6,6,10,12,26,22,12,6,2,22,0,"cereals (winter wheat, summer wheat, winter barley, summer barley, winter rye, oat)",Inv,0,41,1,BEMP,19,17,1410,12,60,28,Uls,U,0.0492024457413696,8.63427695786265,winter wheat,,
37.216,0.4,2400,0.4358,0.013,1380,1.3,1,1,4,51,19,6,17.4,2,22,0,fallow,Inv,0,35,2,BEMP,2,6,1350,18,76,6,Ut4,U,0.0180311396253281,4.99463048856686,fallow,,
24.392,0.24,3660,1.08,0.007,1330,1.6,6,10,12,26,22,12,6,2,22,0,"cereals (winter wheat, summer wheat, winter barley, summer barley, winter rye, oat)",Inv,0,40,2,BEMP,20,17,1250,12,60,28,Uls,U,0.0492024457413696,8.63427695786265,winter wheat,,
0.11412025219393,0.563333333333333,4800,0.04729,0.0971334229867738,1400,2.09,1,1,2,33,31,10,8,1,3,0,"cereals (winter wheat, summer wheat, winter barley, summer barley, winter rye, oat)",DS-M,60,41.35,1,E3D Sachsen,201,67,1278,22,74,4,Ut4,U,0.0147064967774347,4.93864019136016,winter barley,,
0.0261149059207336,0.323333333333333,6180,0.0358,0.0181962803813938,1400,1.125,2,5,6,46,23,8,8,1,3,17,"canola, field bean, phacelia",DS-M,70,34.99,2,E3D Sachsen,202,67,1520,10,77,13,Ut2,U,0.0302638085157454,5.31959829087136,canola,,
0.0311837006620449,0.22,9960,0.055115,0.652020580788512,1580,1.31,2,5,6,46,23,8,12,1,3,0,"cereals (winter wheat, summer wheat, winter barley, summer barley, winter rye, oat)",DS-M,80,33.24,1,E3D Sachsen,203,68,1580,10,77,13,Ut2,U,0.0302638085157454,5.31959829087136,winter wheat,,
0.00883961342114762,0.544666666666667,9780,0.003472,0.0723211078938628,1330,1.56,1,1,2,44,25,5,12,1,3,12,"cereals (winter wheat, summer wheat, winter barley, summer barley, winter rye, oat)",DS-M,28,31.83,1,E3D Sachsen,204,69,1330,22,74,4,Ut4,U,0.0147064967774347,4.93864019136016,winter wheat,,
0.0360425551190248,0.0433333333333334,4020,0.08372,0.26,1530,0.982,1,1,1,43,25,19,6,1,3,9,maize,DS-M,100,32.67,1,E3D Sachsen,207,72,1531,10,87,3,Ut2,U,0.0209579369117599,3.29256596076954,maize,,
0.0731595459911592,0.23,5940,0.06998,0.0600625018056733,1570,1.037,1,1,1,43,25,19,8,1,3,15,"canola, field bean, phacelia",DS-M,80,32.71,1,E3D Sachsen,208,73,1567,10,87,3,Ut2,U,0.0209579369117599,3.29256596076954,field bean,,
0.645550723078801,0.0766666666666667,4200,0.07455,0.0167644128235178,1540,2.064,17,19,15,16,13,9,8,1,3,0,"cereals (winter wheat, summer wheat, winter barley, summer barley, winter rye, oat)",NoInv,10,29.51,1,E3D Sachsen,209,74,1536,11,38,51,Sl3,S,0.118347487833717,11.0146397090252,summer wheat,,
0.938,0.47,5160,0.3649,0.022,1160,2.7,14,10,9,19,17,19,10,2,22,99,maize,NoInv,10,27,1,BEMP,21,18,1150,12,55,33,Uls,U,0.0591254170289357,9.47011516411638,maize,,
0.686074115352841,0.106666666666667,4020,0.07719,0.0104017589898227,1580,1.302,15,18,11,14,15,12,9,1,3,12,"cereals (winter wheat, summer wheat, winter barley, summer barley, winter rye, oat)",Inv,7,33.94,1,E3D Sachsen,210,75,1579,15,41,44,Slu,S,0.080326264958324,12.2075374991857,summer wheat,,
0.263208916802852,0.13,4080,0.06342,0.0434383411646344,1490,1.753,27,23,9,15,12,8,12,1,3,12,"cereals (winter wheat, summer wheat, winter barley, summer barley, winter rye, oat)",NoInv,23,22.96,1,E3D Sachsen,211,76,1488,6,35,59,Su3,S,0.186882120108709,8.76480142946803,summer barley,,
0.509082455744139,0.143333333333333,4200,0.0677,0.0301575086356405,1580,2.269,21,16,21,15,12,7,10,1,3,0,"cereals (winter wheat, summer wheat, winter barley, summer barley, winter rye, oat)",NoInv,35,34.62,1,E3D Sachsen,212,77,1581,8,34,58,"Sl3, Su3",S,0.168776035119055,9.73948371403023,oat,,
0.00117016280509634,0.621333333333333,7560,0.00095,0.105582141820443,1580,1.03,21,16,21,15,12,7,10,1,3,9,"cereals (winter wheat, summer wheat, winter barley, summer barley, winter rye, oat)",NoInv,50,16.99,1,E3D Sachsen,213,78,1580,8,34,58,"Sl3, Su3",S,0.168776035119055,9.73948371403023,oat,,
0.832209361455975,0.0733333333333333,3600,0.07903,0.0401020377270939,1510,0.915,27,18,20,14,11,6,16,1,3,10,"cereals (winter wheat, summer wheat, winter barley, summer barley, winter rye, oat)",NoInv,30,15.77,1,E3D Sachsen,214,79,1511,4,31,65,Su3,S,0.248663619218927,7.57789926152342,summer barley,,
1.13927689065329,0.183333333333333,5040,0.0494,0.0128757489659443,1440,1.61,5,4,7,36,23,9,13,1,3,10,sugar beet,NoInv,9,29,1,E3D Sachsen,215,80,1439,16,68,16,Ut3,U,0.027790585395618,7.12204183720893,sugar beet,,
1.08489986436988,0.216666666666667,4200,0.04354,0.0186998115469794,1550,1.68,4,3,6,38,24,8,14,1,3,12,sugar beet,NoInv,9,27.96,1,E3D Sachsen,216,81,1549,17,70,13,"Ut3, Ut4",U,0.0240921437655358,6.58750974923956,sugar beet,,
2.50299763817438,0.146666666666667,4560,0.05778,0.00959233391591781,1420,1.42,2,1,4,40,24,12,14,1,3,12,sugar beet,Inv,7,29.59,1,E3D Sachsen,217,82,1425,17,76,7,"Ut3, Ut4",U,0.0193254855821467,5.11128007864463,sugar beet,,
0.426180488591893,0.196666666666667,3780,0.04769,0.0188383819330563,1370,1.42,5,4,7,36,23,9,13,1,3,12,"cereals (winter wheat, summer wheat, winter barley, summer barley, winter rye, oat)",NoInv,8,27.58,1,E3D Sachsen,218,83,1370,16,68,16,Ut3,U,0.027790585395618,7.12204183720893,winter barley,,
1.03367082492186,0.213333333333333,3720,0.04129,0.0124185137729031,1460,1.42,4,3,6,38,24,8,12,1,3,12,"cereals (winter wheat, summer wheat, winter barley, summer barley, winter rye, oat)",NoInv,8,30.21,1,E3D Sachsen,219,84,1460,17,70,13,"Ut3, Ut4",U,0.0240921437655358,6.58750974923956,winter barley,,
1.436,0.49,3720,0.6076,0.026,1160,2.7,14,10,9,19,17,19,10,2,22,99,maize,NoInv,10,30,2,BEMP,22,18,1180,12,55,33,Uls,U,0.0591254170289357,9.47011516411638,maize,,
1.57669275715272,0.113333333333333,3660,0.04671,0.0106427411697398,1450,1.33,2,1,4,40,24,12,14,1,3,12,"cereals (winter wheat, summer wheat, winter barley, summer barley, winter rye, oat)",Inv,6,29.61,1,E3D Sachsen,220,85,1450,17,76,7,"Ut3, Ut4",U,0.0193254855821467,5.11128007864463,winter barley,,
1.11855296223874,0.183333333333333,3480,0.04138,0.0145357339988434,1420,1.54,5,4,7,36,23,9,13,1,3,0,"cereals (winter wheat, summer wheat, winter barley, summer barley, winter rye, oat)",NoInv,6,27.64,1,E3D Sachsen,221,86,1420,16,68,16,Ut3,U,0.027790585395618,7.12204183720893,winter wheat,,
2.02521973895522,0.133333333333333,2880,0.04818,0.0141247403701725,1570,1.37,4,3,6,38,24,8,13,1,3,0,"cereals (winter wheat, summer wheat, winter barley, summer barley, winter rye, oat)",NoInv,9,29.64,1,E3D Sachsen,222,87,1570,17,70,13,"Ut3, Ut4",U,0.0240921437655358,6.58750974923956,winter wheat,,
1.34274291992432,0.153333333333333,3540,0.048595,0.0145185909387382,1540,1.47,3,2,5,41,24,10,11,1,3,,maize,NoInv,17,29.69,1,E3D Sachsen,223,88,1540,15,75,10,Ut3,U,0.023030448602072,5.5347116505529,maize,,
1.99958222703002,0.153333333333333,3240,0.04581,0.0108015447945293,1480,1.26,2,2,4,42,23,10,11,1,3,,maize,Inv,11,31.93,1,E3D Sachsen,224,89,1480,17,75,8,"Ut3, Ut4",U,0.0200487786130443,5.35707715343011,maize,,
0.293604133843779,0.377333333333333,8340,0.03402,0.010979227149657,1440,1.25,3,1,2,45,24,6,10,1,3,14,sugar beet,DS-M,14,25.59,1,E3D Sachsen,225,90,1443,19,75,6,Ut4,U,0.0174531347964581,5.12138089476304,sugar beet,,
0.957283378175745,0.290666666666667,8760,0.05681,0.00617237411923318,1440,1.12,0,1,2,50,23,8,9,1,3,14,sugar beet,NoInv,7,27.9,1,E3D Sachsen,226,91,1435,16,81,3,Ut3,U,0.0172365414393694,4.01829091559036,sugar beet,,
1.41609981765515,0.21,6000,0.06204,0.0146221456430966,1420,1.04,0,2,3,42,25,8,10,1,3,14,sugar beet,Inv,11,29.59,1,E3D Sachsen,227,92,1425,20,75,5,Ut4,U,0.0162841916223485,4.98270571000973,sugar beet,,
0.875092343448353,0.283333333333333,6000,0.05423,0.0273965957739963,1540,0.94,3,1,3,44,24,6,12,1,3,0,"cereals (winter wheat, summer wheat, winter barley, summer barley, winter rye, oat)",DS-M,7,29.41,1,E3D Sachsen,228,93,1540,19,74,7,Ut4,U,0.0181063515403239,5.37933323548495,winter wheat,,
1.30365003243763,0.153333333333333,5280,0.06223,0.0223143518130971,1490,1.06,0,1,2,50,23,8,10,1,3,0,"cereals (winter wheat, summer wheat, winter barley, summer barley, winter rye, oat)",NoInv,5,28.44,1,E3D Sachsen,229,94,1490,16,81,3,Ut3,U,0.0172365414393694,4.01829091559036,winter wheat,,
4.925,0.26,5700,0.5875,0.021,1350,1.7,10,7,7,20,23,14,9.8,2,22,0,"cereals (winter wheat, summer wheat, winter barley, summer barley, winter rye, oat)",Inv,0,40,1,BEMP,23,19,1400,19,57,24,Lu,L,0.0338149333717587,9.7544517691014,winter wheat,,
1.44503391216774,0.08,4260,0.05467,0.0191563928486455,1460,0.76,2,2,3,51,23,0,10,1,3,0,"cereals (winter wheat, summer wheat, winter barley, summer barley, winter rye, oat)",NoInv,5,25.81,1,E3D Sachsen,230,95,1460,19,74,7,Ut4,U,0.0181063515403239,5.37933323548495,winter wheat,,
2.80830996493258,0.0133333333333334,3240,0.05528,0.0119593845082119,1590,1.05,0,1,3,43,25,8,12,1,3,0,"cereals (winter wheat, summer wheat, winter barley, summer barley, winter rye, oat)",Inv,1,32.4,1,E3D Sachsen,231,96,1590,20,76,4,Ut4,U,0.0156967123278949,4.72044947060026,winter wheat,,
0.0440973915365168,0.184666666666667,7080,0.05791,0.202595330002489,1500,0.844,1,2,3,46,25,9,9,1,3,10,sugar beet,DS-M,80,33.59,1,E3D Sachsen,232,97,1501,14,80,6,Ut3,U,0.0205410249594767,4.46770899156278,sugar beet,,
0.0675035802193217,0.146666666666667,5820,0.04353,0.0883436738120011,1600,1.065,5,17,12,32,18,8,15,1,3,16,maize,DS-M,50,25.46,1,E3D Sachsen,233,98,1597,8,58,34,"Us, Uls",U,0.069876421531325,8.2678272638032,maize,,
0.181048659805045,0.387333333333333,9000,0.04731,0.0211044397122885,1230,2.46,9,8,11,40,15,8,15,1,3,12,"cereals (winter wheat, summer wheat, winter barley, summer barley, winter rye, oat)",NoInv,16,17.32,1,E3D Sachsen,235,100,1230,9,63,28,Uls,U,0.054254515750334,7.75278091736449,winter wheat,,
0.0694895123237383,0.464666666666667,8100,0.01669,0.0547629750728273,1370,2.85,18,19,16,21,19,1,22,1,3,16,"cereals (winter wheat, summer wheat, winter barley, summer barley, winter rye, oat)",NoInv,40,26.63,1,E3D Sachsen,236,101,1370,6,41,53,Su4,S,0.149907279022977,8.78704851009415,winter barley,,
0.219152296955998,0.363333333333333,8640,0.050805,0.0202497945819852,1540,1.14,0,1,2,49,24,9,9,1,3,,sugar beet,NoInv,30,32.26,1,E3D Sachsen,238,103,1540,15,82,3,Ut3,U,0.0178073732298278,3.90257556325549,sugar beet,,
0.721522873845916,0.22,5820,0.05921,0.00614442884487449,1430,1.21,0,1,2,49,22,8,9,1,3,12,sugar beet,Inv,1,31.96,1,E3D Sachsen,239,104,1430,18,79,3,Ut4,U,0.0161491869021341,4.24323703144693,sugar beet,,
11.461,0.12,3060,0.9784,0.024,1350,1.7,10,7,7,20,23,14,9.8,2,22,0,"cereals (winter wheat, summer wheat, winter barley, summer barley, winter rye, oat)",Inv,0,40,2,BEMP,24,19,1300,19,57,24,Lu,L,0.0338149333717587,9.7544517691014,winter wheat,,
0.322592925204168,0.263333333333333,7680,0.04673,0.0111300051710414,1450,1.33,0,0,3,50,19,8,11,1,3,,"canola, field bean, phacelia",NoInv,10,22.8,1,LfULG Ref 72,241,105,1450,20,77,3,Ut4,U,0.0151304273260053,4.45924341308397,canola,,
0.905516892661313,0.288666666666667,5940,0.04203,0.012013732894082,1490,1.28,0,0,3,50,20,7,11,1,3,,"canola, field bean, phacelia",NoInv,10,18.52,1,LfULG Ref 72,243,106,1490,20,77,3,Ut4,U,0.0151304273260053,4.45924341308397,canola,,
0.457097675318205,0.336666666666667,7620,0.06533,0.00509464165416701,1220,3.78,20,20,16,12,14,9,10,1,3,,potatoes,Inv,18,30.18,1,GeoGnostics,244,107,1220,9,35,56,Sl3,S,0.15179100499723,10.2202745891704,potatoes,,
0.470561010687517,0.293333333333333,4800,0.05742,0.00691232840010596,1220,3.24,23,21,16,12,14,8,8,1,3,,potatoes,Inv,14,31.61,1,GeoGnostics,245,108,1220,6,34,60,Su3,S,0.193876538670635,8.74203276308591,potatoes,,
0.394487349573457,0.09,3480,0.06389,0.0147648972855872,1260,1.6366064886406,2,1,2,51,25,7,5,1,3,14,maize,NoInv,17,27.95,1,Saultitz,246,109,1260,12,83,5,"Ut2, Ut3",U,0.021133142042903,3.9770791047144,maize,,
0.179610227580709,0.196666666666667,3180,0.03592,0.00833436374540518,1370,1.55577949672404,3,2,2,52,23,8,5,1,3,14,maize,NoInv,13,29.74,1,Saultitz,247,110,1370,10,83,7,Ut2,U,0.0242760794067874,4.11597402633941,maize,,
0.320034486823995,0.237333333333333,5040,0.055085,0.0227916337094898,1340,1.7152668187558,2,2,3,51,22,8,5,1,3,14,maize,DS-M,38,27.51,1,Saultitz,248,111,1340,12,81,7,"Ut2, Ut3",U,0.0227446407952708,4.40867088397774,maize,,
9.49,0.19,5100,0.9357,0.011,1220,1.7,15,8,6,15,19,16,9.2,2,22,12,"cereals (winter wheat, summer wheat, winter barley, summer barley, winter rye, oat)",Inv,0,34,1,BEMP,25,20,1260,21,50,29,"Ls2, Lu",L,0.0380712025426442,11.5800773141936,winter wheat,,
NA,1.65566666666667,7380,0.00631,0.361875157328652,1240,1.7,10,6,4,36,26,11,10,1,3,16,"canola, field bean, phacelia",NoInv,70,34,1,Streifenbearbeitung Raps,257,120,1240,7,73,20,Us,U,0.0431593919092434,5.95984752468787,canola,,
NA,0.972,3720,0.00277,0.248996648640594,1240,1.7,10,6,4,36,26,11,14,1,3,16,"canola, field bean, phacelia",NoInv,70,34,1,Streifenbearbeitung Raps,258,121,1240,7,73,20,Us,U,0.0431593919092434,5.95984752468787,canola,,
NA,0.326666666666667,2400,0.03787,0.0417705582232003,1470,1.7,10,6,4,36,26,11,10,1,3,16,"canola, field bean, phacelia",NoInv,25,30.22,1,Raps Mulchsaat,259,122,1470,7,73,20,Us,U,0.0431593919092434,5.95984752468787,canola,,
7.421,0.09,2880,1.0211,0.009,1220,1.7,15,8,6,15,19,16,9.2,2,22,12,"cereals (winter wheat, summer wheat, winter barley, summer barley, winter rye, oat)",Inv,0,35,2,BEMP,26,20,1180,21,50,29,"Ls2, Lu",L,0.0380712025426442,11.5800773141936,winter wheat,,
NA,0.393333333333333,1500,0.02005,0.0418436471108183,1470,1.7,10,6,4,36,26,11,12,1,3,16,"canola, field bean, phacelia",NoInv,25,30.22,2,Raps Mulchsaat,260,122,1470,7,73,20,Us,U,0.0431593919092434,5.95984752468787,canola,,
0.045414235,0.447333333333333,5400,0.01748,0.0403745035694468,1420,1.2,3,2,3,43,26,11,14,1,3,,"canola, field bean, phacelia",NoInv,30,30.29,1,TU BAF,261,123,1400,12,80,8,"Ut2, Ut3",U,0.0235959022089911,4.62357822638272,canola,,
0.01222744,0.542666666666667,4200,0.00518,0.0217548236165275,1420,1.2,4,3,3,44,25,10,14,1,3,,"canola, field bean, phacelia",NoInv,30,29.26,2,TU BAF,262,123,1430,11,79,10,Ut2,U,0.0262362240764079,4.88768306606624,canola,,
0.022306435,0.52,7500,0.024445,0.0950801477953129,1420,1.6,4,4,4,43,24,9,15,1,3,,"canola, field bean, phacelia",DS-M,65,31.59,1,TU BAF,263,124,1420,12,76,12,"Ut2, Ut3",U,0.0273316976815042,5.47625156010885,canola,,
0.05549059,0.681333333333333,5400,0.01939,0.09185281686849,1480,1.6,3,5,5,45,23,9,16,1,3,,"canola, field bean, phacelia",DS-M,65,30.86,1,TU BAF,264,125,1480,10,77,13,Ut2,U,0.0302638085157454,5.31959829087136,canola,,
0.087205022,0.614,6480,0.008059,0.0324066451324724,1310,1.4,5,5,4,43,24,9,16,1,3,,"canola, field bean, phacelia",NoInv,50,26.21,1,TU BAF,265,126,1310,10,76,14,Ut2,U,0.0313964890734894,5.51598544874509,canola,,
0.18757749,0.614666666666667,6060,0.01727,0.00314573767349636,1420,1.4,4,4,4,42,24,10,14,1,3,,"canola, field bean, phacelia",NoInv,45,26.46,1,TU BAF,266,127,1420,12,76,12,"Ut2, Ut3",U,0.0273316976815042,5.47625156010885,canola,,
1.378,0.23,5520,0.6729,0.088,1180,3.5,13,9,6,17,18,12,10,2,22,14,"cereals (winter wheat, summer wheat, winter barley, summer barley, winter rye, oat)",Inv,50,31,1,BEMP,27,21,1220,25,47,28,"Ls2, Lt2",L,0.0322136663240235,12.5218152435963,winter barley,,
0.0915432222532649,0.214666666666667,5400,0.060275,0.11050828764661,1380,2.73576369922485,9,13,8,24,21,11,6,1,3,,"grass, meadow, wild weeds",DS-M,32,20.03,1,ELER HC,272,133,1380,14,56,30,Uls,U,0.049613770624872,9.6069495299037,grass,,
0.0373582143460819,0.16,4200,0.06708,0.0858588761173014,1380,2.73576369922485,9,13,8,24,21,11,6,1,3,,"grass, meadow, wild weeds",DS-M,48,20.03,1,ELER HC,273,134,1380,14,56,30,Uls,U,0.049613770624872,9.6069495299037,grass,,
0.0706751857098282,0.118,3900,0.06373,0.135540656870993,1500,2.25988417121201,11,13,8,22,22,12,6,1,3,,"grass, meadow, wild weeds",DS-M,51,30.4,1,ELER HC,274,135,1500,12,56,32,Uls,U,0.0569923692801754,9.310824964838,grass,,
0.0101670628754957,0.453333333333333,10620,0.020045,0.178154407952739,1420,1.80630045532266,17,12,9,17,20,13,9,1,3,,"grass, meadow, wild weeds",DS-M,80,20.88,1,ELER HC,275,136,1420,12,50,38,"Slu, Uls",S,0.0710496172735222,10.2001595956445,grass,,
0.0221955515507587,0.420666666666667,4320,0.02917,0.150815779288082,1400,3.38738046037772,13,10,9,18,23,15,9,1,3,,"grass, meadow, wild weeds",DS-M,75,37.97,1,ELER HC,276,137,1400,12,56,32,Uls,U,0.0569923692801754,9.310824964838,grass,,
1.842,0.17,4260,0.9855,0.044,1180,3.5,13,9,6,17,18,12,10,2,22,14,"cereals (winter wheat, summer wheat, winter barley, summer barley, winter rye, oat)",Inv,50,32,2,BEMP,28,21,1150,25,47,28,"Ls2, Lt2",L,0.0322136663240235,12.5218152435963,winter barley,,
0.0713915224855692,0.3,3420,0.09785,0.265238613551164,1390,1.67945042227519,5,7,7,38,24,10,12,1,3,,"grass, meadow, wild weeds",DS-M,100,17.7,1,ELER HC,280,141,1390,9,72,19,Ut2,U,0.0389778917338602,6.24698733701776,grass,,
0.0260287914001312,0.868666666666667,13860,0.039075,0.0984807026094255,1200,3.13382612015958,22,15,9,17,16,11,14,1,3,,"grass, meadow, wild weeds",DS-M,96,15.7,1,ELER HC,281,142,1200,10,44,46,Slu,S,0.101746915244199,10.2370713776305,grass,,
0.00468083179262004,0.89,2160,0.01004,0.162676789948313,1200,3.13382612015958,22,15,9,17,16,11,14,1,3,,"grass, meadow, wild weeds",DS-M,96,15.7,2,ELER HC,282,142,1200,10,44,46,Slu,S,0.101746915244199,10.2370713776305,grass,,
0.0261652576778686,0.735333333333333,6420,0.096395,0.270632710392699,1500,2.89860897758082,25,20,14,12,12,9,10,1,3,,"grass, meadow, wild weeds",DS-M,100,19.2,1,ELER HC,283,143,1500,8,33,59,"Sl3, Su3",S,0.175092799035038,9.73136170660696,grass,,
0.0355452422110185,0.880666666666667,7260,0.03785,0.338852674906611,1200,2.89860897758082,25,20,14,12,12,9,14,1,3,,"grass, meadow, wild weeds",DS-M,100,31.3214285714286,1,ELER HC,284,144,1200,8,33,59,"Sl3, Su3",S,0.175092799035038,9.73136170660696,grass,,
40.256,0.33,3660,0.8021,0.0179,1480,1.2,5,35,33,6,9,0,12.5,2,22,13,"cereals (winter wheat, summer wheat, winter barley, summer barley, winter rye, oat)",Inv,5,24.7,1,BEMP,29,22,1370,12,15,73,"Sl3, Sl4",S,0.257083630264669,11.2993079561709,summer barley,,
23.646,0.34,1800,0.443,0.0204,1480,1.2,5,35,33,6,9,0,12.5,2,22,13,"cereals (winter wheat, summer wheat, winter barley, summer barley, winter rye, oat)",Inv,5,29,2,BEMP,30,22,1580,12,15,73,"Sl3, Sl4",S,0.257083630264669,11.2993079561709,summer barley,,
3.691,0.23,4800,0.876,0.0107,1510,1.6,3,20,45,10,6,3,5.5,2,22,2,"cereals (winter wheat, summer wheat, winter barley, summer barley, winter rye, oat)",Inv,65,21,1,BEMP,31,23,1370,13,19,68,Sl4,S,0.207079527125012,12.1944534059624,winter wheat,,
3.845,0.19,3060,0.8852,0.0112,1510,1.6,3,20,45,10,6,3,5.5,2,22,2,"cereals (winter wheat, summer wheat, winter barley, summer barley, winter rye, oat)",Inv,65,28,2,BEMP,32,23,1650,13,19,68,Sl4,S,0.207079527125012,12.1944534059624,winter wheat,,
0.025,0.62,5460,0.0213,0.0297,1560,1,8,18,16,19,19,12,11.2,2,22,1,"cereals (winter wheat, summer wheat, winter barley, summer barley, winter rye, oat)",Inv,0,31,1,BEMP,33,24,1610,8,50,42,"Su4, Slu, Us, Uls",S,0.0937541924644281,9.09606257579451,summer barley,,
3.053,0.5,4260,0.6044,0.0347,1560,1,8,18,16,19,19,12,11.2,2,22,1,"cereals (winter wheat, summer wheat, winter barley, summer barley, winter rye, oat)",Inv,0,40.3,2,BEMP,34,24,1520,8,50,42,"Su4, Slu, Us, Uls",S,0.0937541924644281,9.09606257579451,summer barley,,
1.043,0.32,6060,0.6927,0.0761,1750,1.4,9,31,26,12,8,6,11.3,2,22,1,"cereals (winter wheat, summer wheat, winter barley, summer barley, winter rye, oat)",Inv,10,26.9,1,BEMP,35,25,1750,8,26,66,"Sl3, Su3",S,0.226449216104197,9.51421584334769,summer barley,,
38.01,0.32,4260,0.7658,0.0099,1500,1.4,5,4,4,37,32,12,12.7,2,22,13,"cereals (winter wheat, summer wheat, winter barley, summer barley, winter rye, oat)",Inv,5,38.1,1,BEMP,36,26,1510,6,81,13,Uu,U,0.0344764479122288,4.57522999522076,summer barley,,
28.344,0.24,3060,0.8818,0.0144,1500,1.4,5,4,4,37,32,12,12.7,2,22,13,"cereals (winter wheat, summer wheat, winter barley, summer barley, winter rye, oat)",Inv,5,37.6,2,BEMP,37,26,1480,6,81,13,Uu,U,0.0344764479122288,4.57522999522076,summer barley,,
19.073,0.32,4260,0.8146,0.0066,1430,1.4,5,4,4,37,32,12,8.9,2,22,2,"cereals (winter wheat, summer wheat, winter barley, summer barley, winter rye, oat)",Inv,85,35.8,1,BEMP,38,27,1410,6,81,13,Uu,U,0.0344764479122288,4.57522999522076,winter wheat,,
10.455,0.24,2460,0.6495,0.0087,1430,1.4,5,4,4,37,32,12,8.9,2,22,2,"cereals (winter wheat, summer wheat, winter barley, summer barley, winter rye, oat)",Inv,85,41.2,2,BEMP,39,27,1450,6,81,13,Uu,U,0.0344764479122288,4.57522999522076,winter wheat,,
9.787,0.76,2700,0.1214,0.009,1270,1.5,1,1,4,51,19,6,17.4,2,22,2,"canola, field bean, phacelia",Inv,100,34,2,BEMP,4,7,1270,18,76,6,Ut4,U,0.0180311396253281,4.99463048856686,phacelia,,
281.414,0.04,3660,0.8401,0.0087,1600,1.3,20,15,8,26,14,8,16.5,2,22,0,maize,Inv,0,31.7,1,BEMP,40,28,1570,9,48,43,Slu,S,0.0941452621638846,9.57764181266205,maize,,
107.95,0.01,1860,0.698,0.0116,1600,1.3,20,15,8,26,14,8,16.5,2,22,0,maize,Inv,0,34.9,2,BEMP,41,28,1630,9,48,43,Slu,S,0.0941452621638846,9.57764181266205,maize,,
442.746,0.16,4260,1.1097,0.0062,1460,1.1,3,1,1,49,21,8,8.2,2,22,13,sugar beet,Inv,0,26.6,1,BEMP,42,29,1390,17,78,5,"Ut3, Ut4",U,0.0179562401328623,4.62075501413062,sugar beet,,
199.504,0.18,2460,0.9718,0.0161,1460,1.1,3,1,1,49,21,8,8.2,2,22,13,sugar beet,Inv,0,32.3,2,BEMP,43,29,1530,17,78,5,"Ut3, Ut4",U,0.0179562401328623,4.62075501413062,sugar beet,,
3.62,0.49,6060,0.4124,0.0181,1480,1.1,3,1,1,49,21,8,14.6,2,22,13,sugar beet,NoInv,60,28.6,1,BEMP,44,30,1390,17,78,5,"Ut3, Ut4",U,0.0179562401328623,4.62075501413062,sugar beet,,
5.182,0.43,2460,0.3436,0.0188,1480,1.1,3,1,1,49,21,8,14.6,2,22,13,sugar beet,NoInv,60,37.7,2,BEMP,45,30,1560,17,78,5,"Ut3, Ut4",U,0.0179562401328623,4.62075501413062,sugar beet,,
30.01,0.24,5460,1.164,0.014,1340,1,5,3,3,38,26,6,17.2,2,22,2,"cereals (winter wheat, summer wheat, winter barley, summer barley, winter rye, oat)",Inv,100,25.4,1,BEMP,46,31,1320,19,70,11,Ut4,U,0.0209730198926914,6.41720467212932,winter wheat,,
16.045,0.14,2460,0.7941,0.0179,1340,1,5,3,3,38,26,6,17.2,2,22,2,"cereals (winter wheat, summer wheat, winter barley, summer barley, winter rye, oat)",Inv,100,25.2,2,BEMP,47,31,1360,19,70,11,Ut4,U,0.0209730198926914,6.41720467212932,winter wheat,,
3.062,0.54,4860,0.2095,0.0174,1380,1,5,3,3,38,26,6,17.2,2,22,2,"cereals (winter wheat, summer wheat, winter barley, summer barley, winter rye, oat)",NoInv,100,21.8,1,BEMP,48,32,1310,19,70,11,Ut4,U,0.0209730198926914,6.41720467212932,winter wheat,,
3.969,0.53,3060,0.2747,0.0208,1380,1,5,3,3,38,26,6,17.2,2,22,2,"cereals (winter wheat, summer wheat, winter barley, summer barley, winter rye, oat)",NoInv,100,43.5,2,BEMP,49,32,1450,19,70,11,Ut4,U,0.0209730198926914,6.41720467212932,winter wheat,,
56.837,0.27,3600,0.451,0.019,1560,1.4,1,2,5,48,20,7,8.5,2,22,0,"cereals (winter wheat, summer wheat, winter barley, summer barley, winter rye, oat)",Inv,0,24,1,BEMP,5,8,1640,17,75,8,"Ut3, Ut4",U,0.0200487786130443,5.35707715343011,winter wheat,,
0.969,0.59,6000,0.1304,0.0219,1360,1.1,42,23,10,11,8,4,7.9,2,22,0,fallow,Inv,0,21.9,1,BEMP,50,33,1280,2,23,75,Su2,S,0.383254064262247,5.81410589362227,fallow,,
6.827,0.52,2460,0.2846,0.0256,1360,1.1,42,23,10,11,8,4,7.9,2,22,0,fallow,Inv,0,33.3,2,BEMP,51,33,1430,2,23,75,Su2,S,0.383254064262247,5.81410589362227,fallow,,
NA,0.85,7200,0,0.17,1310,1.1,42,23,10,11,8,4,14.4,2,22,2,"grass, meadow, wild weeds",DS-M,95,25.1,1,BEMP,52,34,1310,2,23,75,Su2,S,0.383254064262247,5.81410589362227,grass,,
8.889,0.19,3660,0.7313,0.0161,1400,1.1,2,3,3,47,31,10,8.5,2,22,17,"canola, field bean, phacelia",Inv,40,34,1,BEMP,53,35,1370,4,88,8,Uu,U,0.0306220636908192,3.37262214711335,canola,,
8.715,0.19,2460,0.6703,0.0161,1400,1.1,2,3,3,47,31,10,8.5,2,22,17,"canola, field bean, phacelia",Inv,40,37.1,2,BEMP,54,35,1420,4,88,8,Uu,U,0.0306220636908192,3.37262214711335,canola,,
6.965,0.33,3660,0.8086,0.0112,1340,0.9,22,31,10,17,11,4,8.5,2,22,17,"canola, field bean, phacelia",Inv,35,15.3,1,BEMP,55,36,1300,5,32,63,Su3,S,0.223638981925746,8.15736324046199,canola,,
9.631,0.5,2460,0.65,0.0136,1340,0.9,22,31,10,17,11,4,8.5,2,22,17,"canola, field bean, phacelia",Inv,35,16,2,BEMP,56,36,1380,5,32,63,Su3,S,0.223638981925746,8.15736324046199,canola,,
NA,0.58,3600,0,0.0191,1530,0.9,22,31,10,17,11,4,7.3,2,22,13,"cereals (winter wheat, summer wheat, winter barley, summer barley, winter rye, oat)",Inv,7,22.4,1,BEMP,57,37,1510,5,32,63,Su3,S,0.223638981925746,8.15736324046199,winter wheat,,
5.75,0.39,3660,0.5195,0.0191,1530,0.9,22,31,10,17,11,4,7.3,2,22,13,"cereals (winter wheat, summer wheat, winter barley, summer barley, winter rye, oat)",Inv,7,33.9,2,BEMP,58,37,1550,5,32,63,Su3,S,0.223638981925746,8.15736324046199,winter wheat,,
11.49,0.16,3660,0.5324,0.0284,1480,1.4,4,6,7,41,21,6,10.5,2,22,0,fallow,NoInv,0,32.9,1,BEMP,59,38,1510,15,68,17,Ut3,U,0.0297855026660667,7.14894249884421,fallow,,
63.927,0.2,1380,0.4861,0.013,1560,1.4,1,2,5,48,20,7,8.5,2,22,0,"cereals (winter wheat, summer wheat, winter barley, summer barley, winter rye, oat)",Inv,0,43,2,BEMP,6,8,1490,17,75,8,"Ut3, Ut4",U,0.0200487786130443,5.35707715343011,winter wheat,,
13.595,0.11,1860,0.7821,0.0259,1480,1.4,4,6,7,41,21,6,10.5,2,22,0,fallow,NoInv,0,39.3,2,BEMP,60,38,1450,15,68,17,Ut3,U,0.0297855026660667,7.14894249884421,fallow,,
0.956,0.37,3600,0.3482,0.025,1240,1.8,9,13,10,31,22,4,7.5,2,22,10,"cereals (winter wheat, summer wheat, winter barley, summer barley, winter rye, oat)",Inv,5,25,1,BEMP,61,39,1140,11,57,32,Uls,U,0.0588798161507152,8.98363238050372,winter barley,,
2.146,0.36,1860,0.4074,0.0167,1240,1.8,9,13,10,31,22,4,7.5,2,22,10,"cereals (winter wheat, summer wheat, winter barley, summer barley, winter rye, oat)",Inv,5,34.1,2,BEMP,62,39,1330,11,57,32,Uls,U,0.0588798161507152,8.98363238050372,winter barley,,
NA,0.67,3600,0,0.1718,1460,1.3,4,3,5,38,25,8,17.2,2,22,12,"cereals (winter wheat, summer wheat, winter barley, summer barley, winter rye, oat)",NoInv,5,31.6,1,BEMP,63,40,1450,17,71,12,"Ut3, Ut4",U,0.0232229796123809,6.34165800542694,winter barley,,
0.044,0.91,6060,0.1136,0.1718,1460,1.3,4,3,5,38,25,8,17.2,2,22,12,"cereals (winter wheat, summer wheat, winter barley, summer barley, winter rye, oat)",NoInv,5,39.1,2,BEMP,64,40,1470,17,71,12,"Ut3, Ut4",U,0.0232229796123809,6.34165800542694,winter barley,,
5.982,0.43,3660,0.2929,0.1718,1450,1.3,4,3,5,38,25,8,17.7,2,22,12,"cereals (winter wheat, summer wheat, winter barley, summer barley, winter rye, oat)",NoInv,5,31.5,1,BEMP,65,41,1520,17,71,12,"Ut3, Ut4",U,0.0232229796123809,6.34165800542694,winter barley,,
10.894,0.38,2460,0.4695,0.1718,1450,1.3,4,3,5,38,25,8,17.7,2,22,12,"cereals (winter wheat, summer wheat, winter barley, summer barley, winter rye, oat)",NoInv,5,37.1,2,BEMP,66,41,1380,17,71,12,"Ut3, Ut4",U,0.0232229796123809,6.34165800542694,winter barley,,
114.908,0.11,3780,1.1162,0.0097,1420,1.1,2,2,5,37,30,5,17.8,2,22,12,"cereals (winter wheat, summer wheat, winter barley, summer barley, winter rye, oat)",Inv,5,31.6,1,BEMP,67,42,1380,19,72,9,Ut4,U,0.0194870436710979,5.89728156152892,winter barley,,
82.519,0.08,3120,1.1978,0.0117,1420,1.1,2,2,5,37,30,5,17.8,2,22,12,"cereals (winter wheat, summer wheat, winter barley, summer barley, winter rye, oat)",Inv,5,37,2,BEMP,68,42,1450,19,72,9,Ut4,U,0.0194870436710979,5.89728156152892,winter barley,,
9.745,0.32,3600,0.3238,0.0204,1280,1.1,2,2,5,37,30,5,17.8,2,22,0,"cereals (winter wheat, summer wheat, winter barley, summer barley, winter rye, oat)",NoInv,0,25.6,1,BEMP,69,43,1240,19,72,9,Ut4,U,0.0194870436710979,5.89728156152892,winter wheat,,
9.667,0.39,3600,0.3059,0.028,1440,1.4,1,2,5,53,21,7,6.8,2,22,9,"cereals (winter wheat, summer wheat, winter barley, summer barley, winter rye, oat)",Inv,5,24,1,BEMP,7,9,1420,11,81,8,Ut2,U,0.0243773403619303,4.47211216556583,winter barley,,
22.439,0.12,2580,0.8402,0.0258,1280,1.1,2,2,5,37,30,5,17.8,2,22,0,"cereals (winter wheat, summer wheat, winter barley, summer barley, winter rye, oat)",NoInv,0,40,2,BEMP,70,43,1320,19,72,9,Ut4,U,0.0194870436710979,5.89728156152892,winter wheat,,
52.355,0.12,3660,0.6859,0.0265,1400,1.1,2,2,5,37,30,5,17.5,2,22,0,"cereals (winter wheat, summer wheat, winter barley, summer barley, winter rye, oat)",NoInv,0,31,1,BEMP,71,44,1480,19,72,9,Ut4,U,0.0194870436710979,5.89728156152892,winter wheat,,
43.085,0.12,2460,0.9064,0.0353,1400,1.1,2,2,5,37,30,5,17.5,2,22,0,"cereals (winter wheat, summer wheat, winter barley, summer barley, winter rye, oat)",NoInv,0,42.9,2,BEMP,72,44,1320,19,72,9,Ut4,U,0.0194870436710979,5.89728156152892,winter wheat,,
157.822,0.2,3660,0.5415,0.0244,1310,1,6,3,3,38,25,6,17.1,2,22,0,"cereals (winter wheat, summer wheat, winter barley, summer barley, winter rye, oat)",Inv,0,24.5,1,BEMP,73,45,1220,19,69,12,Ut4,U,0.0217579750267179,6.67756460609552,winter wheat,,
123.936,0.13,2460,0.8847,0.0181,1310,1,6,3,3,38,25,6,17.1,2,22,0,"cereals (winter wheat, summer wheat, winter barley, summer barley, winter rye, oat)",Inv,0,36.2,2,BEMP,74,45,1400,19,69,12,Ut4,U,0.0217579750267179,6.67756460609552,winter wheat,,
74.996,0.32,3660,0.2874,0.0078,1440,1,6,3,3,38,25,6,17,2,22,0,"cereals (winter wheat, summer wheat, winter barley, summer barley, winter rye, oat)",Inv,0,29,1,BEMP,75,46,1470,19,69,12,Ut4,U,0.0217579750267179,6.67756460609552,winter wheat,,
107.934,0.22,3060,0.8019,0.0106,1440,1,6,3,3,38,25,6,17,2,22,0,"cereals (winter wheat, summer wheat, winter barley, summer barley, winter rye, oat)",Inv,0,29.9,2,BEMP,76,46,1400,19,69,12,Ut4,U,0.0217579750267179,6.67756460609552,winter wheat,,
0.821,0.49,3600,0.1595,0.0238,1360,1,3,1,3,37,27,7,17.5,2,22,0,sugar beet,NoInv,0,30.7,1,BEMP,77,47,1260,22,71,7,Ut4,U,0.0164203249612723,5.76560970756924,sugar beet,,
4.221,0.3,3060,0.5281,0.0479,1360,1,3,1,3,37,27,7,17.5,2,22,0,sugar beet,NoInv,0,37,2,BEMP,78,47,1450,22,71,7,Ut4,U,0.0164203249612723,5.76560970756924,sugar beet,,
0.277,0.57,2880,0.1385,0.0254,1520,1,3,1,3,37,27,7,16.9,2,22,0,sugar beet,NoInv,0,35,1,BEMP,79,48,1500,22,71,7,Ut4,U,0.0164203249612723,5.76560970756924,sugar beet,,
18.19,0.25,1740,0.4377,0.028,1440,1.4,1,2,5,53,21,7,6.8,2,22,9,"cereals (winter wheat, summer wheat, winter barley, summer barley, winter rye, oat)",Inv,5,36,2,BEMP,8,9,1470,11,81,8,Ut2,U,0.0243773403619303,4.47211216556583,winter barley,,
4.126,0.26,3060,0.6427,0.0298,1520,1,3,1,3,37,27,7,16.9,2,22,0,sugar beet,NoInv,0,36.7,2,BEMP,80,48,1540,22,71,7,Ut4,U,0.0164203249612723,5.76560970756924,sugar beet,,
7.302,0.29,3660,0.4564,0.0203,1360,1,3,1,3,37,27,7,15.6,2,22,0,sugar beet,NoInv,0,31.3,1,BEMP,81,49,1310,22,71,7,Ut4,U,0.0164203249612723,5.76560970756924,sugar beet,,
21.544,0.15,3060,1.0607,0.0214,1360,1,3,1,3,37,27,7,15.6,2,22,0,sugar beet,NoInv,0,32,2,BEMP,82,49,1420,22,71,7,Ut4,U,0.0164203249612723,5.76560970756924,sugar beet,,
146.65,0.1,3660,0.7278,0.0095,1340,1,3,1,3,37,27,7,16.8,2,22,0,sugar beet,Inv,0,19.7,1,BEMP,83,50,1070,22,71,7,Ut4,U,0.0164203249612723,5.76560970756924,sugar beet,,
95.425,0.08,2460,0.9914,0.0135,1340,1,3,1,3,37,27,7,16.8,2,22,0,sugar beet,Inv,0,32.3,2,BEMP,84,50,1610,22,71,7,Ut4,U,0.0164203249612723,5.76560970756924,sugar beet,,
0.693,0.51,3660,0.0884,0.0462,1200,1.5,0,1,3,48,24,8,14.8,2,22,12,sugar beet,NoInv,2,29.7,1,BEMP,85,51,1140,16,80,4,Ut3,U,0.0178816517651556,4.25701329280601,sugar beet,,
6.239,0.42,3060,0.4112,0.0337,1200,1.5,0,1,3,48,24,8,14.8,2,22,12,sugar beet,NoInv,2,37.3,2,BEMP,86,51,1260,16,80,4,Ut3,U,0.0178816517651556,4.25701329280601,sugar beet,,
2.182,0.55,3660,0.124,0.0259,1440,1.5,0,1,3,48,24,8,14.8,2,22,12,sugar beet,NoInv,0,36.3,1,BEMP,87,52,1560,16,80,4,Ut3,U,0.0178816517651556,4.25701329280601,sugar beet,,
6.576,0.45,2460,0.3226,0.0301,1440,1.5,0,1,3,48,24,8,14.8,2,22,12,sugar beet,NoInv,0,38.3,2,BEMP,88,52,1320,16,80,4,Ut3,U,0.0178816517651556,4.25701329280601,sugar beet,,
5.497,0.5,3660,0.0807,0.0062,1440,1.5,0,1,3,48,24,8,15.3,2,22,12,sugar beet,Inv,12,30.3,1,BEMP,89,53,1500,16,80,4,Ut3,U,0.0178816517651556,4.25701329280601,sugar beet,,
3.509,0.44,4200,0.287,0.016,1480,1,4,17,17,27,20,4,6,2,22,13,"cereals (winter wheat, summer wheat, winter barley, summer barley, winter rye, oat)",Inv,5,31,1,BEMP,9,10,1480,11,51,38,Uls,U,0.0734026055677395,9.82485382719618,winter barley,,
22.662,0.36,2460,0.3507,0.0113,1440,1.5,0,1,3,48,24,8,15.3,2,22,12,sugar beet,Inv,12,38,2,BEMP,90,53,1380,16,80,4,Ut3,U,0.0178816517651556,4.25701329280601,sugar beet,13.28037,51.1463
NA,0.54,2400,0,0.0376,1380,1.5,0,1,3,48,24,8,15.3,2,22,12,sugar beet,NoInv,0,30,1,BEMP,91,54,1380,16,80,4,Ut3,U,0.0178816517651556,4.25701329280601,sugar beet,13.28037,51.1463
0.034,0.59,5640,0.0407,0.0376,1380,1.5,0,1,3,48,24,8,15.3,2,22,12,sugar beet,NoInv,0,36.7,2,BEMP,92,54,1390,16,80,4,Ut3,U,0.0178816517651556,4.25701329280601,sugar beet,13.28037,51.1463
0.367,0.53,3660,0.1021,0.0393,1500,0.9,0,1,3,46,23,8,15.8,2,22,12,sugar beet,NoInv,0,35,1,BEMP,93,55,1450,19,77,4,Ut4,U,0.0162165487715318,4.60788241738423,sugar beet,13.28037,51.1463
10.691,0.31,3060,0.6982,0.0201,1500,0.9,0,1,3,46,23,8,15.8,2,22,12,sugar beet,NoInv,0,36,2,BEMP,94,55,1550,19,77,4,Ut4,U,0.0162165487715318,4.60788241738423,sugar beet,13.28037,51.1463
0.039,0.62,3600,0.0123,0.0321,1230,2.2,9,5,9,28,26,13,17.4,2,22,10,"cereals (winter wheat, summer wheat, winter barley, summer barley, winter rye, oat)",NoInv,20,32.7,1,BEMP,95,56,1230,10,67,23,Ut2,U,0.0437017302673421,7.20010469786998,winter barley,12.73341,50.80943
0.584,0.43,3420,0.2274,0.0321,1230,2.2,9,5,9,28,26,13,17.4,2,22,10,"cereals (winter wheat, summer wheat, winter barley, summer barley, winter rye, oat)",NoInv,20,39.3,2,BEMP,96,56,1230,10,67,23,Ut2,U,0.0437017302673421,7.20010469786998,winter barley,12.73341,50.80943
0.016,0.52,3900,0.0065,0.0293,1180,1.8,5,3,6,32,31,14,11.5,2,22,0,"cereals (winter wheat, summer wheat, winter barley, summer barley, winter rye, oat)",Inv,0,35.6,1,BEMP,97,57,1180,9,77,14,Ut2,U,0.0324362634467283,5.32436700649079,winter barley,12.73341,50.80943
1.546,0.49,3960,0.1303,0.0293,1180,1.8,5,3,6,32,31,14,11.5,2,22,0,"cereals (winter wheat, summer wheat, winter barley, summer barley, winter rye, oat)",Inv,0,43.2,2,BEMP,98,57,1180,9,77,14,Ut2,U,0.0324362634467283,5.32436700649079,winter barley,12.73341,50.80943
0.481,0.54,3660,0.1247,0.0089,1320,1.8,21,16,12,13,17,10,8.2,2,22,0,"cereals (winter wheat, summer wheat, winter barley, summer barley, winter rye, oat)",Inv,0,23.7,1,BEMP,99,58,1300,11,40,49,"Sl3, Slu",S,0.1099623552345,10.8941148722728,winter wheat,12.62463,50.73815
0.612,0.39,3560,0.3374,0.023,1360,1.1,9,16,18,23,18,9,13.3,4,22,0,fallow,Inv,0,33,2,EROSION 2D,M1.2,1,1330,7,50,43,"Su4, Us",S,0.100484236292643,8.78229036849657,fallow,,
9.915,0.07,3758,2.3793,0.023,1360,1.1,9,16,18,23,18,9,13.3,4,22,0,fallow,Inv,0,44,2,EROSION 2D,M1.3,1,1440,7,50,43,"Su4, Us",S,0.100484236292643,8.78229036849657,fallow,,
2.477,0.35,3600,1.0122,0.02,1350,1,12,18,19,17,15,13,10.2,4,22,99,potatoes,Inv,10,35,1,EROSION 2D,M2.1,2,1350,6,45,49,Su4,S,0.129417408953554,8.6929890154425,potatoes,,
4.027,0.28,1800,1.135,0.02,1350,1,12,18,19,17,15,13,10.2,4,22,99,potatoes,Inv,10,42,2,EROSION 2D,M2.2,2,1350,6,45,49,Su4,S,0.129417408953554,8.6929890154425,potatoes,,
5.646,0.19,3600,1.8431,0.016,1350,1.4,9,20,14,18,21,12,11.2,4,22,0,fallow,Inv,5,41,1,EROSION 2D,M3.1,3,1330,6,51,43,Us,U,0.103812026656942,8.39232655406475,fallow,,
6.105,0.03,1200,1.2677,0.016,1350,1.4,9,20,14,18,21,12,11.2,4,22,0,fallow,Inv,5,45,2,EROSION 2D,M3.2,3,1375,6,51,43,Us,U,0.103812026656942,8.39232655406475,fallow,,
0.781,0.25,1800,0.2091,0.032,1380,1.4,11,20,20,15,15,12,8.9,2,14,99,maize,Inv,20,40,1,EROSION 2D,M4.1,4,1380,7,42,51,Su4,S,0.1348211345482,9.18923869112169,maize,,
108.436,0.24,3600,1.3364,0.021,1390,1,4,2,3,42,21,8,16,4,22,0,fallow,Inv,0,25,1,EROSION 2D,M5.1,5,1390,20,71,9,Ut4,U,0.0188623684938022,6.04145138159755,fallow,,
96.273,0.23,2520,1.5013,0.021,1390,1,4,2,3,42,21,8,16,4,22,0,fallow,Inv,0,40,2,EROSION 2D,M5.2,5,1390,20,71,9,Ut4,U,0.0188623684938022,6.04145138159755,fallow,,
